clip_id,pitcher_name,pitcher_id,p_throws,catcher_name,catcher_id,batter_name,play_id,game_pk,at_bat_number,pitch_number
0b6ea438_gausman_R.mp4,Kevin Gausman,592332,R,Danny Jansen,643376,Nick Senzel,0b6ea438-c809-4d44-8004-1e205608f16b,744862,27,4
0028354f_bassitt_R.mp4,Chris Bassitt,605135,R,Alejandro Kirk,672386,Brandon Drury,0028354f-d314-42ea-bfa8-2e9e9a128132,744889,11,5
f9188098_gausman_R.mp4,Kevin Gausman,592332,R,Alejandro Kirk,672386,Ty France,f9188098-cbb7-44ec-bbf5-badb00dd555e,744898,11,4
7a8fbf89_bassitt_R.mp4,Chris Bassitt,605135,R,Danny Jansen,643376,Taylor Walls,7a8fbf89-18ec-4936-b99c-92327d16de22,744907,12,6
e106dcd3_gausman_R.mp4,Kevin Gausman,592332,R,Danny Jansen,643376,Tyler O'Neill,e106dcd3-13a1-4f75-9906-ddfa135c4a69,744920,42,6
da344eb5_bassitt_R.mp4,Chris Bassitt,605135,R,Alejandro Kirk,672386,Austin Wells,da344eb5-eb5b-4138-b8eb-be62def9d1a6,744921,47,6
c1cf66e8_lively_R.mp4,Ben Lively,594902,R,Bo Naylor,666310,Isiah Kiner-Falefa,c1cf66e8-f901-428f-9434-6b5541b8d0bb,744926,16,4
a93076b6_urena_R.mp4,José Ureña,570632,R,Andrew Knizner,668800,Ryan O'Hearn,a93076b6-0083-40df-a1ba-055ca731983d,744994,35,9
836d520f_urena_R.mp4,José Ureña,570632,R,Andrew Knizner,668800,Dairon Blanco,836d520f-c796-4126-be1d-5daa14dedd94,745000,42,4
28a9b0ce_eflin_R.mp4,Zach Eflin,621107,R,James McCann,543510,Jose Siri,28a9b0ce-f461-4333-be06-ac93deffe44a,745062,41,6
b3cf833b_eflin_R.mp4,Zach Eflin,621107,R,Alex Jackson,656577,Keibert Ruiz,b3cf833b-1b9d-495b-8367-5b6b3de7d549,745070,31,5
a3cf2cda_littell_R.mp4,Zack Littell,641793,R,Ben Rortvedt,666163,Gunnar Henderson,a3cf2cda-2780-475b-a4c5-7083c298ac93,745085,31,4
001656c5_littell_R.mp4,Zack Littell,641793,R,Ben Rortvedt,666163,Brett Baty,001656c5-4816-40b3-993d-18c48ed63951,745100,13,5
2762fd25_littell_R.mp4,Zack Littell,641793,R,René Pinto,650907,Logan O'Hoppe,2762fd25-c9ad-4cde-a347-ca398a8e10be,745105,4,5
1f5c9475_castillo_R.mp4,Luis Castillo,622491,R,Cal Raleigh,663728,Zach Neto,1f5c9475-170e-4261-8ba2-a1442d44400a,745231,11,5
26b50bd5_castillo_R.mp4,Luis Castillo,622491,R,Cal Raleigh,663728,Logan O'Hoppe,26b50bd5-710f-4686-8e27-98b470acab7e,745252,10,7
c941dae1_garcia_R.mp4,Luis García,472610,R,Logan O'Hoppe,681351,Julio Rodríguez,c941dae1-9aa9-42d0-9cb6-53eae0bc52b7,745253,57,9
17477d36_castillo_R.mp4,Luis Castillo,622491,R,Cal Raleigh,663728,Jeremy Peña,17477d36-9444-4d93-b0d7-089437bdef53,745258,41,6
2d5c6eec_king_R.mp4,Michael King,650633,R,Kyle Higashioka,543309,LaMonte Wade Jr.,2d5c6eec-20d5-4751-8fc1-2ccd2b418dea,745371,46,6
d0ee545f_vasquez_R.mp4,Randy Vásquez,681190,R,Kyle Higashioka,543309,Austin Riley,d0ee545f-3a7b-4388-9b3c-d413993d6b65,745385,25,3
d69c672a_king_R.mp4,Michael King,650633,R,Brett Sullivan,664954,Ty France,d69c672a-382a-48b0-8f3e-f4188d26a003,745394,9,4
21a4d22a_king_R.mp4,Michael King,650633,R,Brett Sullivan,664954,Gary Sánchez,21a4d22a-c133-4e04-86b6-32aae6225072,745396,11,6
34c44990_vasquez_R.mp4,Randy Vásquez,681190,R,Kyle Higashioka,543309,Ketel Marte,34c44990-aa7c-4ca2-bf88-44ee88ef02c3,745408,2,4
bf24608f_keller_R.mp4,Mitch Keller,656605,R,Joey Bart,663698,Jake Bauers,bf24608f-c6fc-4e2d-8f87-18f59c102bf5,745443,27,8
9ddf4f0e_keller_R.mp4,Mitch Keller,656605,R,Yasmani Grandal,518735,Adam Frazier,9ddf4f0e-608e-4eeb-91ab-961a5b028fe3,745448,47,6
b39330a9_keller_R.mp4,Mitch Keller,656605,R,Yasmani Grandal,518735,Seiya Suzuki,b39330a9-e2a3-48a6-bafe-cfa02ac466e4,745458,3,10
cab1943e_morton_R.mp4,Charlie Morton,450203,R,Travis d'Arnaud,518595,Brandon Marsh,cab1943e-463f-43b6-af54-5d5340008e91,745531,17,4
5c298e7e_crawford_R.mp4,Kutter Crawford,676710,R,Danny Jansen,643376,Anthony Volpe,5c298e7e-8159-429a-81a5-069660177306,745693,13,3
650ed646_houck_R.mp4,Tanner Houck,656557,R,Reese McGuire,624512,Ryan Jeffers,650ed646-92b3-4f82-b4a7-8e78327759f8,745914,8,6
42e35d54_gallen_R.mp4,Zac Gallen,668678,R,Gabriel Moreno,672515,Garrett Mitchell,42e35d54-eac4-4730-9fcb-6898b9101111,745934,9,6
5c19401f_wilson_R.mp4,Bryse Wilson,669060,R,William Contreras,661388,Jacob Young,5c19401f-feea-4500-b47d-acd3518af0df,745965,70,4
583db962_wilson_R.mp4,Bryse Wilson,669060,R,William Contreras,661388,Elly De La Cruz,583db962-ff49-4f17-b448-5d123144d1f3,745976,42,4
f8c40b5b_maeda_R.mp4,Kenta Maeda,628317,R,Jake Rogers,668670,Nolan Schanuel,f8c40b5b-0cfc-46ca-a8bb-525b2b6c357d,746214,24,7
13727210_garcia_R.mp4,Luis García,472610,R,Logan O'Hoppe,681351,Jurickson Profar,13727210-fa6c-4ec9-8928-f594635814ce,746222,59,3
e6fa2a28_wilson_R.mp4,Bryse Wilson,669060,R,Gary Sánchez,596142,Vinnie Pasquantino,e6fa2a28-1fac-4906-91f7-bafcccca11bf,746313,7,6
f45957d5_brown_R.mp4,Hunter Brown,686613,R,Yainer Diaz,673237,Oneil Cruz,f45957d5-1429-4c8f-a4a6-c660fa749a4d,746365,20,4
2e082507_brown_R.mp4,Hunter Brown,686613,R,Yainer Diaz,673237,Andrés Giménez,2e082507-874f-45d9-9df7-9226d21caccd,746398,17,6
a32b0537_brown_R.mp4,Hunter Brown,686613,R,Yainer Diaz,673237,Michael Harris II,a32b0537-192f-4bd6-9218-83d76b1aa713,746400,2,3
7c15c67b_eflin_R.mp4,Zach Eflin,621107,R,Adley Rutschman,668939,Colt Keith,7c15c67b-b8d1-435d-ab00-02469aa7bc4b,746423,26,8
8c148f19_maeda_R.mp4,Kenta Maeda,628317,R,Carson Kelly,608348,Jhonkensy Noel,8c148f19-a8ab-4779-85fc-5e60f1dedf5f,746451,21,4
96786d3f_flaherty_R.mp4,Jack Flaherty,656427,R,Carson Kelly,608348,Luis Robert Jr.,96786d3f-eeb8-4528-af09-bf073a2dfa8b,746460,23,3
bdb833e1_flaherty_R.mp4,Jack Flaherty,656427,R,Carson Kelly,608348,Kyle Tucker,bdb833e1-af77-4b68-a98c-8252d7bba6a8,746476,16,7
f9c3cc8b_maeda_R.mp4,Kenta Maeda,628317,R,Carson Kelly,608348,Willson Contreras,f9c3cc8b-1642-4a51-949f-2d2827a42965,746478,42,9
db567a85_feltner_R.mp4,Ryan Feltner,663372,R,Elias Díaz,553869,Brandon Nimmo,db567a85-dfc0-424f-984a-9aba56176376,746521,2,6
f408b71d_houck_R.mp4,Tanner Houck,656557,R,Connor Wong,657136,Jacob Stallings,f408b71d-c949-4a86-b999-3d3453f99e83,746526,46,6
0670c556_urena_R.mp4,José Ureña,570632,R,Jonah Heim,641680,Jordan Beck,0670c556-476e-4252-af45-9299d7ac7bcf,746555,54,5
720a57a9_feltner_R.mp4,Ryan Feltner,663372,R,Elias Díaz,553869,Jurickson Profar,720a57a9-5ad6-45bd-a1fc-f3c6dd7d01ed,746566,22,6
8c5f6881_lively_R.mp4,Ben Lively,594902,R,Bo Naylor,666310,Ben Rortvedt,8c5f6881-39e1-4ba6-aa49-aa128a47c044,746585,14,3
fefa9184_gallen_R.mp4,Zac Gallen,668678,R,Tucker Barnhart,571466,Elly De La Cruz,fefa9184-f08d-4b44-9ad2-8981b548456f,746718,22,5
8dbff547_morton_R.mp4,Charlie Morton,450203,R,Travis d'Arnaud,518595,Martín Maldonado,8dbff547-789e-47c5-a994-d9659ee250d7,746817,14,4
a7e30a0f_houck_R.mp4,Tanner Houck,656557,R,Connor Wong,657136,Matt Vierling,a7e30a0f-6bec-4095-81f9-a8833aef1a76,746955,3,7
2cb59489_lively_R.mp4,Ben Lively,594902,R,Austin Hedges,595978,Enmanuel Valdez,2cb59489-0aad-41bf-948a-0b698bbe880c,746973,11,6
ea21ccc4_crawford_R.mp4,Kutter Crawford,676710,R,Connor Wong,657136,Jackson Holliday,ea21ccc4-d416-47e5-97ea-dfb6f73bf1d8,746980,16,5
06c040b2_morton_R.mp4,Charlie Morton,450203,R,Sean Murphy,669221,Edward Olivares,06c040b2-eb73-4927-9519-1d76c9a9e348,747105,10,6
f61d6658_vasquez_R.mp4,Randy Vásquez,681190,R,Kyle Higashioka,543309,Christian Walker,f61d6658-6d35-4ff1-94bc-52688d9e472a,747146,47,7
72e13548_gallen_R.mp4,Zac Gallen,668678,R,Jose Herrera,645444,Willy Adames,72e13548-486e-4e4d-a050-9bc8a8a1a8c7,747151,3,6
518b48d9_feltner_R.mp4,Ryan Feltner,663372,R,Jacob Stallings,607732,Geraldo Perdomo,518b48d9-7e0d-4b31-8d21-866961c325e4,747222,40,8
2a223188_garcia_R.mp4,Luis García,472610,R,Matt Thaiss,642136,Thayron Liranzo,2a223188-acbf-4d0e-9b86-c1ec862d88bd,747801,48,3
82e22f93_flaherty_R.mp4,Jack Flaherty,656427,R,Carson Kelly,608348,José Caballero,82e22f93-2728-49f9-b1d3-38623d82b6ce,747826,21,7
07479006_crawford_R.mp4,Kutter Crawford,676710,R,Reese McGuire,624512,Curtis Mead,07479006-0046-0033-000c-f08cd117d70a,747900,4,3
